timestamp,size,count,input_bytes,input_lines,input_triples,tool,mode,variant,folding,run,exit_code,time_s,peak_kb,output_bytes,batch_size,stderr
2026-07-21T09:04:02+00:00,0.5mb,154,499932,316,8989,yarspg,normal,1,,1,0,0.23,36276,1444393,,
2026-07-21T09:04:02+00:00,0.5mb,154,499932,316,8989,yarspg,normal,1,,2,0,0.23,36424,1444393,,
2026-07-21T09:04:03+00:00,0.5mb,154,499932,316,8989,yarspg,normal,1,,3,0,0.23,36432,1444393,,
2026-07-21T09:04:03+00:00,0.5mb,154,499932,316,8989,yarspg,normal,1,,4,0,0.23,36284,1444393,,
2026-07-21T09:04:03+00:00,0.5mb,154,499932,316,8989,yarspg,normal,1,,5,0,0.23,36396,1444393,,
2026-07-21T09:04:03+00:00,0.5mb,154,499932,316,8989,yarspg,normal,1,,6,0,0.23,36344,1444393,,
2026-07-21T09:04:04+00:00,0.5mb,154,499932,316,8989,yarspg,normal,1,,7,0,0.23,36456,1444393,,
2026-07-21T09:04:04+00:00,0.5mb,154,499932,316,8989,yarspg,normal,1,,8,0,0.23,36300,1444393,,
2026-07-21T09:04:04+00:00,0.5mb,154,499932,316,8989,yarspg,normal,1,,9,0,0.23,36440,1444393,,
2026-07-21T09:04:04+00:00,0.5mb,154,499932,316,8989,yarspg,normal,1,,10,0,0.23,36184,1444393,,
2026-07-21T09:04:05+00:00,0.5mb,154,499932,316,8989,yarspg,normal,2,fixed,1,0,0.23,37852,2067119,,
2026-07-21T09:04:05+00:00,0.5mb,154,499932,316,8989,yarspg,normal,2,fixed,2,0,0.23,37860,2067119,,
2026-07-21T09:04:05+00:00,0.5mb,154,499932,316,8989,yarspg,normal,2,fixed,3,0,0.23,37576,2067119,,
2026-07-21T09:04:05+00:00,0.5mb,154,499932,316,8989,yarspg,normal,2,fixed,4,0,0.23,37928,2067119,,
2026-07-21T09:04:06+00:00,0.5mb,154,499932,316,8989,yarspg,normal,2,fixed,5,0,0.23,37716,2067119,,
2026-07-21T09:04:06+00:00,0.5mb,154,499932,316,8989,yarspg,normal,2,fixed,6,0,0.23,37820,2067119,,
2026-07-21T09:04:06+00:00,0.5mb,154,499932,316,8989,yarspg,normal,2,fixed,7,0,0.23,37680,2067119,,
2026-07-21T09:04:06+00:00,0.5mb,154,499932,316,8989,yarspg,normal,2,fixed,8,0,0.23,37888,2067119,,
2026-07-21T09:04:06+00:00,0.5mb,154,499932,316,8989,yarspg,normal,2,fixed,9,0,0.23,37672,2067119,,
2026-07-21T09:04:07+00:00,0.5mb,154,499932,316,8989,yarspg,normal,2,fixed,10,0,0.24,37712,2067119,,
2026-07-21T09:04:07+00:00,0.5mb,154,499932,316,8989,yarspg,normal,2,open,1,0,0.22,30196,619924,,
2026-07-21T09:04:07+00:00,0.5mb,154,499932,316,8989,yarspg,normal,2,open,2,0,0.22,30016,619924,,
2026-07-21T09:04:07+00:00,0.5mb,154,499932,316,8989,yarspg,normal,2,open,3,0,0.23,29980,619924,,
2026-07-21T09:04:08+00:00,0.5mb,154,499932,316,8989,yarspg,normal,2,open,4,0,0.21,30028,619924,,
2026-07-21T09:04:08+00:00,0.5mb,154,499932,316,8989,yarspg,normal,2,open,5,0,0.22,30204,619924,,
2026-07-21T09:04:08+00:00,0.5mb,154,499932,316,8989,yarspg,normal,2,open,6,0,0.22,30200,619924,,
2026-07-21T09:04:08+00:00,0.5mb,154,499932,316,8989,yarspg,normal,2,open,7,0,0.22,30028,619924,,
2026-07-21T09:04:09+00:00,0.5mb,154,499932,316,8989,yarspg,normal,2,open,8,0,0.22,30168,619924,,
2026-07-21T09:04:09+00:00,0.5mb,154,499932,316,8989,yarspg,normal,2,open,9,0,0.22,30036,619924,,
2026-07-21T09:04:09+00:00,0.5mb,154,499932,316,8989,yarspg,normal,2,open,10,0,0.21,30192,619924,,
2026-07-21T09:04:09+00:00,0.5mb,154,499932,316,8989,yarspg,normal,3,,1,0,0.22,34324,1276501,,
2026-07-21T09:04:09+00:00,0.5mb,154,499932,316,8989,yarspg,normal,3,,2,0,0.22,34244,1276501,,
2026-07-21T09:04:10+00:00,0.5mb,154,499932,316,8989,yarspg,normal,3,,3,0,0.22,34196,1276501,,
2026-07-21T09:04:10+00:00,0.5mb,154,499932,316,8989,yarspg,normal,3,,4,0,0.22,34224,1276501,,
2026-07-21T09:04:10+00:00,0.5mb,154,499932,316,8989,yarspg,normal,3,,5,0,0.22,34044,1276501,,
2026-07-21T09:04:10+00:00,0.5mb,154,499932,316,8989,yarspg,normal,3,,6,0,0.22,34336,1276501,,
2026-07-21T09:04:11+00:00,0.5mb,154,499932,316,8989,yarspg,normal,3,,7,0,0.22,34328,1276501,,
2026-07-21T09:04:11+00:00,0.5mb,154,499932,316,8989,yarspg,normal,3,,8,0,0.22,34196,1276501,,
2026-07-21T09:04:11+00:00,0.5mb,154,499932,316,8989,yarspg,normal,3,,9,0,0.22,34168,1276501,,
2026-07-21T09:04:11+00:00,0.5mb,154,499932,316,8989,yarspg,normal,3,,10,0,0.22,34200,1276501,,
2026-07-21T09:04:11+00:00,0.5mb,154,499932,316,8989,cypher,normal,1,,1,0,0.23,41032,1533265,,
2026-07-21T09:04:12+00:00,0.5mb,154,499932,316,8989,cypher,normal,1,,2,0,0.23,41032,1533265,,
2026-07-21T09:04:12+00:00,0.5mb,154,499932,316,8989,cypher,normal,1,,3,0,0.24,40928,1533265,,
2026-07-21T09:04:12+00:00,0.5mb,154,499932,316,8989,cypher,normal,1,,4,0,0.23,41064,1533265,,
2026-07-21T09:04:12+00:00,0.5mb,154,499932,316,8989,cypher,normal,1,,5,0,0.24,41012,1533265,,
2026-07-21T09:04:13+00:00,0.5mb,154,499932,316,8989,cypher,normal,1,,6,0,0.23,41028,1533265,,
2026-07-21T09:04:13+00:00,0.5mb,154,499932,316,8989,cypher,normal,1,,7,0,0.23,41036,1533265,,
2026-07-21T09:04:13+00:00,0.5mb,154,499932,316,8989,cypher,normal,1,,8,0,0.23,40840,1533265,,
2026-07-21T09:04:13+00:00,0.5mb,154,499932,316,8989,cypher,normal,1,,9,0,0.23,40916,1533265,,
2026-07-21T09:04:14+00:00,0.5mb,154,499932,316,8989,cypher,normal,1,,10,0,0.23,41008,1533265,,
2026-07-21T09:04:14+00:00,0.5mb,154,499932,316,8989,cypher,normal,2,fixed,1,0,0.24,42284,2154451,,
2026-07-21T09:04:14+00:00,0.5mb,154,499932,316,8989,cypher,normal,2,fixed,2,0,0.24,42284,2154451,,
2026-07-21T09:04:14+00:00,0.5mb,154,499932,316,8989,cypher,normal,2,fixed,3,0,0.24,42296,2154451,,
2026-07-21T09:04:15+00:00,0.5mb,154,499932,316,8989,cypher,normal,2,fixed,4,0,0.24,42276,2154451,,
2026-07-21T09:04:15+00:00,0.5mb,154,499932,316,8989,cypher,normal,2,fixed,5,0,0.24,42168,2154451,,
2026-07-21T09:04:15+00:00,0.5mb,154,499932,316,8989,cypher,normal,2,fixed,6,0,0.24,42308,2154451,,
2026-07-21T09:04:15+00:00,0.5mb,154,499932,316,8989,cypher,normal,2,fixed,7,0,0.24,42348,2154451,,
2026-07-21T09:04:16+00:00,0.5mb,154,499932,316,8989,cypher,normal,2,fixed,8,0,0.24,42392,2154451,,
2026-07-21T09:04:16+00:00,0.5mb,154,499932,316,8989,cypher,normal,2,fixed,9,0,0.24,42244,2154451,,
2026-07-21T09:04:16+00:00,0.5mb,154,499932,316,8989,cypher,normal,2,fixed,10,0,0.24,42084,2154451,,
2026-07-21T09:04:16+00:00,0.5mb,154,499932,316,8989,cypher,normal,2,open,1,0,0.22,34744,655170,,
2026-07-21T09:04:17+00:00,0.5mb,154,499932,316,8989,cypher,normal,2,open,2,0,0.22,34712,655170,,
2026-07-21T09:04:17+00:00,0.5mb,154,499932,316,8989,cypher,normal,2,open,3,0,0.22,34592,655170,,
2026-07-21T09:04:17+00:00,0.5mb,154,499932,316,8989,cypher,normal,2,open,4,0,0.22,34656,655170,,
2026-07-21T09:04:17+00:00,0.5mb,154,499932,316,8989,cypher,normal,2,open,5,0,0.22,34672,655170,,
2026-07-21T09:04:17+00:00,0.5mb,154,499932,316,8989,cypher,normal,2,open,6,0,0.22,34712,655170,,
2026-07-21T09:04:18+00:00,0.5mb,154,499932,316,8989,cypher,normal,2,open,7,0,0.22,34808,655170,,
2026-07-21T09:04:18+00:00,0.5mb,154,499932,316,8989,cypher,normal,2,open,8,0,0.22,34744,655170,,
2026-07-21T09:04:18+00:00,0.5mb,154,499932,316,8989,cypher,normal,2,open,9,0,0.22,34432,655170,,
2026-07-21T09:04:18+00:00,0.5mb,154,499932,316,8989,cypher,normal,2,open,10,0,0.22,34576,655170,,
2026-07-21T09:04:19+00:00,0.5mb,154,499932,316,8989,cypher,normal,3,,1,0,0.22,38784,1376210,,
2026-07-21T09:04:19+00:00,0.5mb,154,499932,316,8989,cypher,normal,3,,2,0,0.22,39100,1376210,,
2026-07-21T09:04:19+00:00,0.5mb,154,499932,316,8989,cypher,normal,3,,3,0,0.22,39092,1376210,,
2026-07-21T09:04:19+00:00,0.5mb,154,499932,316,8989,cypher,normal,3,,4,0,0.22,38968,1376210,,
2026-07-21T09:04:20+00:00,0.5mb,154,499932,316,8989,cypher,normal,3,,5,0,0.22,39056,1376210,,
2026-07-21T09:04:20+00:00,0.5mb,154,499932,316,8989,cypher,normal,3,,6,0,0.22,38988,1376210,,
2026-07-21T09:04:20+00:00,0.5mb,154,499932,316,8989,cypher,normal,3,,7,0,0.22,39008,1376210,,
2026-07-21T09:04:20+00:00,0.5mb,154,499932,316,8989,cypher,normal,3,,8,0,0.25,38864,1376210,,
2026-07-21T09:04:20+00:00,0.5mb,154,499932,316,8989,cypher,normal,3,,9,0,0.22,39004,1376210,,
2026-07-21T09:04:21+00:00,0.5mb,154,499932,316,8989,cypher,normal,3,,10,0,0.22,38812,1376210,,
2026-07-21T09:04:21+00:00,0.5mb,154,499932,316,8989,cypher,large-file,1,,1,0,0.67,25500,1582245,1000,
2026-07-21T09:04:22+00:00,0.5mb,154,499932,316,8989,cypher,large-file,1,,2,0,0.65,25644,1582245,1000,
2026-07-21T09:04:23+00:00,0.5mb,154,499932,316,8989,cypher,large-file,1,,3,0,0.67,25652,1582245,1000,
2026-07-21T09:04:23+00:00,0.5mb,154,499932,316,8989,cypher,large-file,1,,4,0,0.66,25704,1582245,1000,
2026-07-21T09:04:24+00:00,0.5mb,154,499932,316,8989,cypher,large-file,1,,5,0,0.66,25636,1582245,1000,
2026-07-21T09:04:25+00:00,0.5mb,154,499932,316,8989,cypher,large-file,1,,6,0,0.67,25632,1582245,1000,
2026-07-21T09:04:25+00:00,0.5mb,154,499932,316,8989,cypher,large-file,1,,7,0,0.66,25660,1582245,1000,
2026-07-21T09:04:26+00:00,0.5mb,154,499932,316,8989,cypher,large-file,1,,8,0,0.66,25496,1582245,1000,
2026-07-21T09:04:27+00:00,0.5mb,154,499932,316,8989,cypher,large-file,1,,9,0,0.66,25644,1582245,1000,
2026-07-21T09:04:27+00:00,0.5mb,154,499932,316,8989,cypher,large-file,1,,10,0,0.66,25480,1582245,1000,
2026-07-21T09:04:28+00:00,0.5mb,154,499932,316,8989,cypher,large-file,2,fixed,1,0,0.29,29144,2173194,1000,
2026-07-21T09:04:28+00:00,0.5mb,154,499932,316,8989,cypher,large-file,2,fixed,2,0,0.28,29324,2173194,1000,
2026-07-21T09:04:28+00:00,0.5mb,154,499932,316,8989,cypher,large-file,2,fixed,3,0,0.28,29452,2173194,1000,
2026-07-21T09:04:29+00:00,0.5mb,154,499932,316,8989,cypher,large-file,2,fixed,4,0,0.28,29320,2173194,1000,
2026-07-21T09:04:29+00:00,0.5mb,154,499932,316,8989,cypher,large-file,2,fixed,5,0,0.28,29304,2173194,1000,
2026-07-21T09:04:29+00:00,0.5mb,154,499932,316,8989,cypher,large-file,2,fixed,6,0,0.28,29304,2173194,1000,
2026-07-21T09:04:29+00:00,0.5mb,154,499932,316,8989,cypher,large-file,2,fixed,7,0,0.28,29328,2173194,1000,
2026-07-21T09:04:30+00:00,0.5mb,154,499932,316,8989,cypher,large-file,2,fixed,8,0,0.28,29304,2173194,1000,
2026-07-21T09:04:30+00:00,0.5mb,154,499932,316,8989,cypher,large-file,2,fixed,9,0,0.28,29352,2173194,1000,
2026-07-21T09:04:30+00:00,0.5mb,154,499932,316,8989,cypher,large-file,2,fixed,10,0,0.28,29336,2173194,1000,
2026-07-21T09:04:30+00:00,0.5mb,154,499932,316,8989,cypher,large-file,2,open,1,0,0.26,33928,710245,1000,
2026-07-21T09:04:31+00:00,0.5mb,154,499932,316,8989,cypher,large-file,2,open,2,0,0.26,34104,710245,1000,
2026-07-21T09:04:31+00:00,0.5mb,154,499932,316,8989,cypher,large-file,2,open,3,0,0.26,33856,710245,1000,
2026-07-21T09:04:31+00:00,0.5mb,154,499932,316,8989,cypher,large-file,2,open,4,0,0.26,34128,710245,1000,
2026-07-21T09:04:32+00:00,0.5mb,154,499932,316,8989,cypher,large-file,2,open,5,0,0.26,34012,710245,1000,
2026-07-21T09:04:32+00:00,0.5mb,154,499932,316,8989,cypher,large-file,2,open,6,0,0.26,34100,710245,1000,
2026-07-21T09:04:32+00:00,0.5mb,154,499932,316,8989,cypher,large-file,2,open,7,0,0.26,34128,710245,1000,
2026-07-21T09:04:32+00:00,0.5mb,154,499932,316,8989,cypher,large-file,2,open,8,0,0.26,34180,710245,1000,
2026-07-21T09:04:33+00:00,0.5mb,154,499932,316,8989,cypher,large-file,2,open,9,0,0.27,33820,710245,1000,
2026-07-21T09:04:33+00:00,0.5mb,154,499932,316,8989,cypher,large-file,2,open,10,0,0.26,34184,710245,1000,
2026-07-21T09:04:33+00:00,0.5mb,154,499932,316,8989,cypher,large-file,3,,1,0,0.48,25376,1453254,1000,
2026-07-21T09:04:34+00:00,0.5mb,154,499932,316,8989,cypher,large-file,3,,2,0,0.49,25316,1453254,1000,
2026-07-21T09:04:34+00:00,0.5mb,154,499932,316,8989,cypher,large-file,3,,3,0,0.49,25324,1453254,1000,
2026-07-21T09:04:35+00:00,0.5mb,154,499932,316,8989,cypher,large-file,3,,4,0,0.49,25464,1453254,1000,
2026-07-21T09:04:35+00:00,0.5mb,154,499932,316,8989,cypher,large-file,3,,5,0,0.50,25376,1453254,1000,
2026-07-21T09:04:36+00:00,0.5mb,154,499932,316,8989,cypher,large-file,3,,6,0,0.49,25316,1453254,1000,
2026-07-21T09:04:36+00:00,0.5mb,154,499932,316,8989,cypher,large-file,3,,7,0,0.48,25472,1453254,1000,
2026-07-21T09:04:37+00:00,0.5mb,154,499932,316,8989,cypher,large-file,3,,8,0,0.49,25344,1453254,1000,
2026-07-21T09:04:37+00:00,0.5mb,154,499932,316,8989,cypher,large-file,3,,9,0,0.48,25468,1453254,1000,
2026-07-21T09:04:38+00:00,0.5mb,154,499932,316,8989,cypher,large-file,3,,10,0,0.49,25336,1453254,1000,
2026-07-21T09:04:38+00:00,1mb,134,999917,276,18688,yarspg,normal,1,,1,0,0.44,58784,3026766,,
2026-07-21T09:04:39+00:00,1mb,134,999917,276,18688,yarspg,normal,1,,2,0,0.44,58680,3026766,,
2026-07-21T09:04:39+00:00,1mb,134,999917,276,18688,yarspg,normal,1,,3,0,0.44,58660,3026766,,
2026-07-21T09:04:40+00:00,1mb,134,999917,276,18688,yarspg,normal,1,,4,0,0.44,58896,3026766,,
2026-07-21T09:04:40+00:00,1mb,134,999917,276,18688,yarspg,normal,1,,5,0,0.44,58668,3026766,,
2026-07-21T09:04:41+00:00,1mb,134,999917,276,18688,yarspg,normal,1,,6,0,0.44,58672,3026766,,
2026-07-21T09:04:41+00:00,1mb,134,999917,276,18688,yarspg,normal,1,,7,0,0.44,58844,3026766,,
2026-07-21T09:04:41+00:00,1mb,134,999917,276,18688,yarspg,normal,1,,8,0,0.44,58696,3026766,,
2026-07-21T09:04:42+00:00,1mb,134,999917,276,18688,yarspg,normal,1,,9,0,0.44,58736,3026766,,
2026-07-21T09:04:42+00:00,1mb,134,999917,276,18688,yarspg,normal,1,,10,0,0.45,58536,3026766,,
2026-07-21T09:04:43+00:00,1mb,134,999917,276,18688,yarspg,normal,2,fixed,1,0,0.46,62228,4396573,,
2026-07-21T09:04:43+00:00,1mb,134,999917,276,18688,yarspg,normal,2,fixed,2,0,0.45,62384,4396573,,
2026-07-21T09:04:44+00:00,1mb,134,999917,276,18688,yarspg,normal,2,fixed,3,0,0.45,62216,4396573,,
2026-07-21T09:04:44+00:00,1mb,134,999917,276,18688,yarspg,normal,2,fixed,4,0,0.45,62184,4396573,,
2026-07-21T09:04:45+00:00,1mb,134,999917,276,18688,yarspg,normal,2,fixed,5,0,0.45,62112,4396573,,
2026-07-21T09:04:45+00:00,1mb,134,999917,276,18688,yarspg,normal,2,fixed,6,0,0.45,62184,4396573,,
2026-07-21T09:04:46+00:00,1mb,134,999917,276,18688,yarspg,normal,2,fixed,7,0,0.45,62216,4396573,,
2026-07-21T09:04:46+00:00,1mb,134,999917,276,18688,yarspg,normal,2,fixed,8,0,0.45,62412,4396573,,
2026-07-21T09:04:46+00:00,1mb,134,999917,276,18688,yarspg,normal,2,fixed,9,0,0.45,62212,4396573,,
2026-07-21T09:04:47+00:00,1mb,134,999917,276,18688,yarspg,normal,2,fixed,10,0,0.46,62360,4396573,,
2026-07-21T09:04:47+00:00,1mb,134,999917,276,18688,yarspg,normal,2,open,1,0,0.41,46844,1295467,,
2026-07-21T09:04:48+00:00,1mb,134,999917,276,18688,yarspg,normal,2,open,2,0,0.41,46592,1295467,,
2026-07-21T09:04:48+00:00,1mb,134,999917,276,18688,yarspg,normal,2,open,3,0,0.41,46684,1295467,,
2026-07-21T09:04:49+00:00,1mb,134,999917,276,18688,yarspg,normal,2,open,4,0,0.41,46700,1295467,,
2026-07-21T09:04:49+00:00,1mb,134,999917,276,18688,yarspg,normal,2,open,5,0,0.42,46692,1295467,,
2026-07-21T09:04:49+00:00,1mb,134,999917,276,18688,yarspg,normal,2,open,6,0,0.42,46844,1295467,,
2026-07-21T09:04:50+00:00,1mb,134,999917,276,18688,yarspg,normal,2,open,7,0,0.41,46816,1295467,,
2026-07-21T09:04:50+00:00,1mb,134,999917,276,18688,yarspg,normal,2,open,8,0,0.41,46740,1295467,,
2026-07-21T09:04:51+00:00,1mb,134,999917,276,18688,yarspg,normal,2,open,9,0,0.41,46792,1295467,,
2026-07-21T09:04:51+00:00,1mb,134,999917,276,18688,yarspg,normal,2,open,10,0,0.42,46856,1295467,,
2026-07-21T09:04:52+00:00,1mb,134,999917,276,18688,yarspg,normal,3,,1,0,0.42,54416,2663428,,
2026-07-21T09:04:52+00:00,1mb,134,999917,276,18688,yarspg,normal,3,,2,0,0.42,54508,2663428,,
2026-07-21T09:04:52+00:00,1mb,134,999917,276,18688,yarspg,normal,3,,3,0,0.42,54492,2663428,,
2026-07-21T09:04:53+00:00,1mb,134,999917,276,18688,yarspg,normal,3,,4,0,0.42,54544,2663428,,
2026-07-21T09:04:53+00:00,1mb,134,999917,276,18688,yarspg,normal,3,,5,0,0.42,54524,2663428,,
2026-07-21T09:04:54+00:00,1mb,134,999917,276,18688,yarspg,normal,3,,6,0,0.42,54500,2663428,,
2026-07-21T09:04:54+00:00,1mb,134,999917,276,18688,yarspg,normal,3,,7,0,0.42,54476,2663428,,
2026-07-21T09:04:55+00:00,1mb,134,999917,276,18688,yarspg,normal,3,,8,0,0.43,54568,2663428,,
2026-07-21T09:04:55+00:00,1mb,134,999917,276,18688,yarspg,normal,3,,9,0,0.42,54500,2663428,,
2026-07-21T09:04:55+00:00,1mb,134,999917,276,18688,yarspg,normal,3,,10,0,0.42,54528,2663428,,
2026-07-21T09:04:56+00:00,1mb,134,999917,276,18688,cypher,normal,1,,1,0,0.45,63740,3212516,,
2026-07-21T09:04:56+00:00,1mb,134,999917,276,18688,cypher,normal,1,,2,0,0.45,63768,3212516,,
2026-07-21T09:04:57+00:00,1mb,134,999917,276,18688,cypher,normal,1,,3,0,0.43,63768,3212516,,
2026-07-21T09:04:57+00:00,1mb,134,999917,276,18688,cypher,normal,1,,4,0,0.44,63720,3212516,,
2026-07-21T09:04:58+00:00,1mb,134,999917,276,18688,cypher,normal,1,,5,0,0.44,63716,3212516,,
2026-07-21T09:04:58+00:00,1mb,134,999917,276,18688,cypher,normal,1,,6,0,0.44,63744,3212516,,
2026-07-21T09:04:59+00:00,1mb,134,999917,276,18688,cypher,normal,1,,7,0,0.44,63720,3212516,,
2026-07-21T09:04:59+00:00,1mb,134,999917,276,18688,cypher,normal,1,,8,0,0.44,63660,3212516,,
2026-07-21T09:04:59+00:00,1mb,134,999917,276,18688,cypher,normal,1,,9,0,0.44,63640,3212516,,
2026-07-21T09:05:00+00:00,1mb,134,999917,276,18688,cypher,normal,1,,10,0,0.44,63760,3212516,,
2026-07-21T09:05:00+00:00,1mb,134,999917,276,18688,cypher,normal,2,fixed,1,0,0.47,67160,4580983,,
2026-07-21T09:05:01+00:00,1mb,134,999917,276,18688,cypher,normal,2,fixed,2,0,0.46,67216,4580983,,
2026-07-21T09:05:01+00:00,1mb,134,999917,276,18688,cypher,normal,2,fixed,3,0,0.46,67252,4580983,,
2026-07-21T09:05:02+00:00,1mb,134,999917,276,18688,cypher,normal,2,fixed,4,0,0.46,67092,4580983,,
2026-07-21T09:05:02+00:00,1mb,134,999917,276,18688,cypher,normal,2,fixed,5,0,0.46,67144,4580983,,
2026-07-21T09:05:03+00:00,1mb,134,999917,276,18688,cypher,normal,2,fixed,6,0,0.46,67088,4580983,,
2026-07-21T09:05:03+00:00,1mb,134,999917,276,18688,cypher,normal,2,fixed,7,0,0.46,67128,4580983,,
2026-07-21T09:05:04+00:00,1mb,134,999917,276,18688,cypher,normal,2,fixed,8,0,0.46,67008,4580983,,
2026-07-21T09:05:04+00:00,1mb,134,999917,276,18688,cypher,normal,2,fixed,9,0,0.46,67256,4580983,,
2026-07-21T09:05:05+00:00,1mb,134,999917,276,18688,cypher,normal,2,fixed,10,0,0.46,67260,4580983,,
2026-07-21T09:05:05+00:00,1mb,134,999917,276,18688,cypher,normal,2,open,1,0,0.41,51408,1369357,,
2026-07-21T09:05:05+00:00,1mb,134,999917,276,18688,cypher,normal,2,open,2,0,0.41,51248,1369357,,
2026-07-21T09:05:06+00:00,1mb,134,999917,276,18688,cypher,normal,2,open,3,0,0.41,51228,1369357,,
2026-07-21T09:05:06+00:00,1mb,134,999917,276,18688,cypher,normal,2,open,4,0,0.41,51400,1369357,,
2026-07-21T09:05:07+00:00,1mb,134,999917,276,18688,cypher,normal,2,open,5,0,0.41,51300,1369357,,
2026-07-21T09:05:07+00:00,1mb,134,999917,276,18688,cypher,normal,2,open,6,0,0.41,51324,1369357,,
2026-07-21T09:05:08+00:00,1mb,134,999917,276,18688,cypher,normal,2,open,7,0,0.41,51184,1369357,,
2026-07-21T09:05:08+00:00,1mb,134,999917,276,18688,cypher,normal,2,open,8,0,0.41,51256,1369357,,
2026-07-21T09:05:08+00:00,1mb,134,999917,276,18688,cypher,normal,2,open,9,0,0.41,51256,1369357,,
2026-07-21T09:05:09+00:00,1mb,134,999917,276,18688,cypher,normal,2,open,10,0,0.41,51412,1369357,,
2026-07-21T09:05:09+00:00,1mb,134,999917,276,18688,cypher,normal,3,,1,0,0.42,59560,2869474,,
2026-07-21T09:05:10+00:00,1mb,134,999917,276,18688,cypher,normal,3,,2,0,0.43,59672,2869474,,
2026-07-21T09:05:10+00:00,1mb,134,999917,276,18688,cypher,normal,3,,3,0,0.42,59556,2869474,,
2026-07-21T09:05:11+00:00,1mb,134,999917,276,18688,cypher,normal,3,,4,0,0.43,59520,2869474,,
2026-07-21T09:05:11+00:00,1mb,134,999917,276,18688,cypher,normal,3,,5,0,0.42,59564,2869474,,
2026-07-21T09:05:11+00:00,1mb,134,999917,276,18688,cypher,normal,3,,6,0,0.42,59576,2869474,,
2026-07-21T09:05:12+00:00,1mb,134,999917,276,18688,cypher,normal,3,,7,0,0.43,59576,2869474,,
2026-07-21T09:05:12+00:00,1mb,134,999917,276,18688,cypher,normal,3,,8,0,0.42,59472,2869474,,
2026-07-21T09:05:13+00:00,1mb,134,999917,276,18688,cypher,normal,3,,9,0,0.42,59592,2869474,,
2026-07-21T09:05:13+00:00,1mb,134,999917,276,18688,cypher,normal,3,,10,0,0.42,59624,2869474,,
2026-07-21T09:05:15+00:00,1mb,134,999917,276,18688,cypher,large-file,1,,1,0,1.42,30764,3286654,1000,
2026-07-21T09:05:16+00:00,1mb,134,999917,276,18688,cypher,large-file,1,,2,0,1.42,30780,3286654,1000,
2026-07-21T09:05:17+00:00,1mb,134,999917,276,18688,cypher,large-file,1,,3,0,1.42,30764,3286654,1000,
2026-07-21T09:05:19+00:00,1mb,134,999917,276,18688,cypher,large-file,1,,4,0,1.41,30940,3286654,1000,
2026-07-21T09:05:20+00:00,1mb,134,999917,276,18688,cypher,large-file,1,,5,0,1.42,30612,3286654,1000,
2026-07-21T09:05:22+00:00,1mb,134,999917,276,18688,cypher,large-file,1,,6,0,1.44,30780,3286654,1000,
2026-07-21T09:05:23+00:00,1mb,134,999917,276,18688,cypher,large-file,1,,7,0,1.42,30652,3286654,1000,
2026-07-21T09:05:25+00:00,1mb,134,999917,276,18688,cypher,large-file,1,,8,0,1.41,30604,3286654,1000,
2026-07-21T09:05:26+00:00,1mb,134,999917,276,18688,cypher,large-file,1,,9,0,1.41,30928,3286654,1000,
2026-07-21T09:05:27+00:00,1mb,134,999917,276,18688,cypher,large-file,1,,10,0,1.44,30776,3286654,1000,
2026-07-21T09:05:28+00:00,1mb,134,999917,276,18688,cypher,large-file,2,fixed,1,0,0.54,40828,4577116,1000,
2026-07-21T09:05:28+00:00,1mb,134,999917,276,18688,cypher,large-file,2,fixed,2,0,0.54,40832,4577116,1000,
2026-07-21T09:05:29+00:00,1mb,134,999917,276,18688,cypher,large-file,2,fixed,3,0,0.54,40716,4577116,1000,
2026-07-21T09:05:30+00:00,1mb,134,999917,276,18688,cypher,large-file,2,fixed,4,0,0.53,40712,4577116,1000,
2026-07-21T09:05:30+00:00,1mb,134,999917,276,18688,cypher,large-file,2,fixed,5,0,0.53,40528,4577116,1000,
2026-07-21T09:05:31+00:00,1mb,134,999917,276,18688,cypher,large-file,2,fixed,6,0,0.54,40864,4577116,1000,
2026-07-21T09:05:31+00:00,1mb,134,999917,276,18688,cypher,large-file,2,fixed,7,0,0.54,40352,4577116,1000,
2026-07-21T09:05:32+00:00,1mb,134,999917,276,18688,cypher,large-file,2,fixed,8,0,0.54,40672,4577116,1000,
2026-07-21T09:05:32+00:00,1mb,134,999917,276,18688,cypher,large-file,2,fixed,9,0,0.53,40528,4577116,1000,
2026-07-21T09:05:33+00:00,1mb,134,999917,276,18688,cypher,large-file,2,fixed,10,0,0.54,40528,4577116,1000,
2026-07-21T09:05:33+00:00,1mb,134,999917,276,18688,cypher,large-file,2,open,1,0,0.50,50124,1483440,1000,
2026-07-21T09:05:34+00:00,1mb,134,999917,276,18688,cypher,large-file,2,open,2,0,0.49,49948,1483440,1000,
2026-07-21T09:05:34+00:00,1mb,134,999917,276,18688,cypher,large-file,2,open,3,0,0.50,50184,1483440,1000,
2026-07-21T09:05:35+00:00,1mb,134,999917,276,18688,cypher,large-file,2,open,4,0,0.50,50120,1483440,1000,
2026-07-21T09:05:35+00:00,1mb,134,999917,276,18688,cypher,large-file,2,open,5,0,0.50,50140,1483440,1000,
2026-07-21T09:05:36+00:00,1mb,134,999917,276,18688,cypher,large-file,2,open,6,0,0.50,50016,1483440,1000,
2026-07-21T09:05:36+00:00,1mb,134,999917,276,18688,cypher,large-file,2,open,7,0,0.49,50188,1483440,1000,
2026-07-21T09:05:37+00:00,1mb,134,999917,276,18688,cypher,large-file,2,open,8,0,0.50,50108,1483440,1000,
2026-07-21T09:05:37+00:00,1mb,134,999917,276,18688,cypher,large-file,2,open,9,0,0.50,50020,1483440,1000,
2026-07-21T09:05:38+00:00,1mb,134,999917,276,18688,cypher,large-file,2,open,10,0,0.48,50300,1483440,1000,
2026-07-21T09:05:39+00:00,1mb,134,999917,276,18688,cypher,large-file,3,,1,0,1.07,30644,3005791,1000,
2026-07-21T09:05:40+00:00,1mb,134,999917,276,18688,cypher,large-file,3,,2,0,1.06,30296,3005791,1000,
2026-07-21T09:05:41+00:00,1mb,134,999917,276,18688,cypher,large-file,3,,3,0,1.07,30604,3005791,1000,
2026-07-21T09:05:42+00:00,1mb,134,999917,276,18688,cypher,large-file,3,,4,0,1.07,30608,3005791,1000,
2026-07-21T09:05:43+00:00,1mb,134,999917,276,18688,cypher,large-file,3,,5,0,1.08,30616,3005791,1000,
2026-07-21T09:05:44+00:00,1mb,134,999917,276,18688,cypher,large-file,3,,6,0,1.10,30484,3005791,1000,
2026-07-21T09:05:45+00:00,1mb,134,999917,276,18688,cypher,large-file,3,,7,0,1.09,30456,3005791,1000,
2026-07-21T09:05:47+00:00,1mb,134,999917,276,18688,cypher,large-file,3,,8,0,1.08,30404,3005791,1000,
2026-07-21T09:05:48+00:00,1mb,134,999917,276,18688,cypher,large-file,3,,9,0,1.09,30452,3005791,1000,
2026-07-21T09:05:49+00:00,1mb,134,999917,276,18688,cypher,large-file,3,,10,0,1.09,30472,3005791,1000,
2026-07-21T09:05:49+00:00,1.5mb,159,1499694,326,28201,yarspg,normal,1,,1,0,0.64,83944,4570392,,
2026-07-21T09:05:50+00:00,1.5mb,159,1499694,326,28201,yarspg,normal,1,,2,0,0.64,83976,4570392,,
2026-07-21T09:05:51+00:00,1.5mb,159,1499694,326,28201,yarspg,normal,1,,3,0,0.65,83976,4570392,,
2026-07-21T09:05:51+00:00,1.5mb,159,1499694,326,28201,yarspg,normal,1,,4,0,0.65,83960,4570392,,
2026-07-21T09:05:52+00:00,1.5mb,159,1499694,326,28201,yarspg,normal,1,,5,0,0.64,83812,4570392,,
2026-07-21T09:05:53+00:00,1.5mb,159,1499694,326,28201,yarspg,normal,1,,6,0,0.65,83816,4570392,,
2026-07-21T09:05:53+00:00,1.5mb,159,1499694,326,28201,yarspg,normal,1,,7,0,0.65,83960,4570392,,
2026-07-21T09:05:54+00:00,1.5mb,159,1499694,326,28201,yarspg,normal,1,,8,0,0.65,83984,4570392,,
2026-07-21T09:05:55+00:00,1.5mb,159,1499694,326,28201,yarspg,normal,1,,9,0,0.65,83984,4570392,,
2026-07-21T09:05:55+00:00,1.5mb,159,1499694,326,28201,yarspg,normal,1,,10,0,0.64,83972,4570392,,
2026-07-21T09:05:56+00:00,1.5mb,159,1499694,326,28201,yarspg,normal,2,fixed,1,0,0.66,87672,6651643,,
2026-07-21T09:05:57+00:00,1.5mb,159,1499694,326,28201,yarspg,normal,2,fixed,2,0,0.67,87644,6651643,,
2026-07-21T09:05:57+00:00,1.5mb,159,1499694,326,28201,yarspg,normal,2,fixed,3,0,0.66,87792,6651643,,
2026-07-21T09:05:58+00:00,1.5mb,159,1499694,326,28201,yarspg,normal,2,fixed,4,0,0.67,87632,6651643,,
2026-07-21T09:05:59+00:00,1.5mb,159,1499694,326,28201,yarspg,normal,2,fixed,5,0,0.66,87656,6651643,,
2026-07-21T09:05:59+00:00,1.5mb,159,1499694,326,28201,yarspg,normal,2,fixed,6,0,0.67,87804,6651643,,
2026-07-21T09:06:00+00:00,1.5mb,159,1499694,326,28201,yarspg,normal,2,fixed,7,0,0.66,87820,6651643,,
2026-07-21T09:06:01+00:00,1.5mb,159,1499694,326,28201,yarspg,normal,2,fixed,8,0,0.66,87820,6651643,,
2026-07-21T09:06:01+00:00,1.5mb,159,1499694,326,28201,yarspg,normal,2,fixed,9,0,0.67,87800,6651643,,
2026-07-21T09:06:02+00:00,1.5mb,159,1499694,326,28201,yarspg,normal,2,fixed,10,0,0.66,87824,6651643,,
2026-07-21T09:06:03+00:00,1.5mb,159,1499694,326,28201,yarspg,normal,2,open,1,0,0.60,64124,1945372,,
2026-07-21T09:06:03+00:00,1.5mb,159,1499694,326,28201,yarspg,normal,2,open,2,0,0.61,64068,1945372,,
2026-07-21T09:06:04+00:00,1.5mb,159,1499694,326,28201,yarspg,normal,2,open,3,0,0.60,64028,1945372,,
2026-07-21T09:06:04+00:00,1.5mb,159,1499694,326,28201,yarspg,normal,2,open,4,0,0.62,64124,1945372,,
2026-07-21T09:06:05+00:00,1.5mb,159,1499694,326,28201,yarspg,normal,2,open,5,0,0.61,64128,1945372,,
2026-07-21T09:06:06+00:00,1.5mb,159,1499694,326,28201,yarspg,normal,2,open,6,0,0.60,64116,1945372,,
2026-07-21T09:06:06+00:00,1.5mb,159,1499694,326,28201,yarspg,normal,2,open,7,0,0.61,64188,1945372,,
2026-07-21T09:06:07+00:00,1.5mb,159,1499694,326,28201,yarspg,normal,2,open,8,0,0.61,64112,1945372,,
2026-07-21T09:06:07+00:00,1.5mb,159,1499694,326,28201,yarspg,normal,2,open,9,0,0.61,63988,1945372,,
2026-07-21T09:06:08+00:00,1.5mb,159,1499694,326,28201,yarspg,normal,2,open,10,0,0.61,64116,1945372,,
2026-07-21T09:06:09+00:00,1.5mb,159,1499694,326,28201,yarspg,normal,3,,1,0,0.61,76760,4018819,,
2026-07-21T09:06:09+00:00,1.5mb,159,1499694,326,28201,yarspg,normal,3,,2,0,0.61,76632,4018819,,
2026-07-21T09:06:10+00:00,1.5mb,159,1499694,326,28201,yarspg,normal,3,,3,0,0.61,76592,4018819,,
2026-07-21T09:06:11+00:00,1.5mb,159,1499694,326,28201,yarspg,normal,3,,4,0,0.61,76600,4018819,,
2026-07-21T09:06:11+00:00,1.5mb,159,1499694,326,28201,yarspg,normal,3,,5,0,0.61,76748,4018819,,
2026-07-21T09:06:12+00:00,1.5mb,159,1499694,326,28201,yarspg,normal,3,,6,0,0.63,76624,4018819,,
2026-07-21T09:06:12+00:00,1.5mb,159,1499694,326,28201,yarspg,normal,3,,7,0,0.61,76612,4018819,,
2026-07-21T09:06:13+00:00,1.5mb,159,1499694,326,28201,yarspg,normal,3,,8,0,0.61,76768,4018819,,
2026-07-21T09:06:14+00:00,1.5mb,159,1499694,326,28201,yarspg,normal,3,,9,0,0.61,76792,4018819,,
2026-07-21T09:06:14+00:00,1.5mb,159,1499694,326,28201,yarspg,normal,3,,10,0,0.62,76776,4018819,,
2026-07-21T09:06:15+00:00,1.5mb,159,1499694,326,28201,cypher,normal,1,,1,0,0.66,89412,4850292,,
2026-07-21T09:06:16+00:00,1.5mb,159,1499694,326,28201,cypher,normal,1,,2,0,0.66,89508,4850292,,
2026-07-21T09:06:16+00:00,1.5mb,159,1499694,326,28201,cypher,normal,1,,3,0,0.65,89428,4850292,,
2026-07-21T09:06:17+00:00,1.5mb,159,1499694,326,28201,cypher,normal,1,,4,0,0.65,89368,4850292,,
2026-07-21T09:06:18+00:00,1.5mb,159,1499694,326,28201,cypher,normal,1,,5,0,0.66,89488,4850292,,
2026-07-21T09:06:18+00:00,1.5mb,159,1499694,326,28201,cypher,normal,1,,6,0,0.67,89556,4850292,,
2026-07-21T09:06:19+00:00,1.5mb,159,1499694,326,28201,cypher,normal,1,,7,0,0.66,89336,4850292,,
2026-07-21T09:06:20+00:00,1.5mb,159,1499694,326,28201,cypher,normal,1,,8,0,0.66,89340,4850292,,
2026-07-21T09:06:20+00:00,1.5mb,159,1499694,326,28201,cypher,normal,1,,9,0,0.66,89528,4850292,,
2026-07-21T09:06:21+00:00,1.5mb,159,1499694,326,28201,cypher,normal,1,,10,0,0.65,89684,4850292,,
2026-07-21T09:06:22+00:00,1.5mb,159,1499694,326,28201,cypher,normal,2,fixed,1,0,0.68,93804,6929953,,
2026-07-21T09:06:22+00:00,1.5mb,159,1499694,326,28201,cypher,normal,2,fixed,2,0,0.68,93936,6929953,,
2026-07-21T09:06:23+00:00,1.5mb,159,1499694,326,28201,cypher,normal,2,fixed,3,0,0.68,93900,6929953,,
2026-07-21T09:06:24+00:00,1.5mb,159,1499694,326,28201,cypher,normal,2,fixed,4,0,0.69,93984,6929953,,
2026-07-21T09:06:24+00:00,1.5mb,159,1499694,326,28201,cypher,normal,2,fixed,5,0,0.69,93924,6929953,,
2026-07-21T09:06:25+00:00,1.5mb,159,1499694,326,28201,cypher,normal,2,fixed,6,0,0.68,93692,6929953,,
2026-07-21T09:06:26+00:00,1.5mb,159,1499694,326,28201,cypher,normal,2,fixed,7,0,0.68,93836,6929953,,
2026-07-21T09:06:26+00:00,1.5mb,159,1499694,326,28201,cypher,normal,2,fixed,8,0,0.68,93960,6929953,,
2026-07-21T09:06:27+00:00,1.5mb,159,1499694,326,28201,cypher,normal,2,fixed,9,0,0.68,93960,6929953,,
2026-07-21T09:06:28+00:00,1.5mb,159,1499694,326,28201,cypher,normal,2,fixed,10,0,0.68,93976,6929953,,
2026-07-21T09:06:28+00:00,1.5mb,159,1499694,326,28201,cypher,normal,2,open,1,0,0.62,68872,2056384,,
2026-07-21T09:06:29+00:00,1.5mb,159,1499694,326,28201,cypher,normal,2,open,2,0,0.62,69024,2056384,,
2026-07-21T09:06:30+00:00,1.5mb,159,1499694,326,28201,cypher,normal,2,open,3,0,0.62,68852,2056384,,
2026-07-21T09:06:30+00:00,1.5mb,159,1499694,326,28201,cypher,normal,2,open,4,0,0.61,69028,2056384,,
2026-07-21T09:06:31+00:00,1.5mb,159,1499694,326,28201,cypher,normal,2,open,5,0,0.62,68868,2056384,,
2026-07-21T09:06:32+00:00,1.5mb,159,1499694,326,28201,cypher,normal,2,open,6,0,0.61,68868,2056384,,
2026-07-21T09:06:32+00:00,1.5mb,159,1499694,326,28201,cypher,normal,2,open,7,0,0.62,68884,2056384,,
2026-07-21T09:06:33+00:00,1.5mb,159,1499694,326,28201,cypher,normal,2,open,8,0,0.62,69040,2056384,,
2026-07-21T09:06:33+00:00,1.5mb,159,1499694,326,28201,cypher,normal,2,open,9,0,0.61,69056,2056384,,
2026-07-21T09:06:34+00:00,1.5mb,159,1499694,326,28201,cypher,normal,2,open,10,0,0.62,69104,2056384,,
2026-07-21T09:06:35+00:00,1.5mb,159,1499694,326,28201,cypher,normal,3,,1,0,0.62,81996,4328828,,
2026-07-21T09:06:35+00:00,1.5mb,159,1499694,326,28201,cypher,normal,3,,2,0,0.62,81964,4328828,,
2026-07-21T09:06:36+00:00,1.5mb,159,1499694,326,28201,cypher,normal,3,,3,0,0.63,82008,4328828,,
2026-07-21T09:06:37+00:00,1.5mb,159,1499694,326,28201,cypher,normal,3,,4,0,0.62,81968,4328828,,
2026-07-21T09:06:37+00:00,1.5mb,159,1499694,326,28201,cypher,normal,3,,5,0,0.62,81832,4328828,,
2026-07-21T09:06:38+00:00,1.5mb,159,1499694,326,28201,cypher,normal,3,,6,0,0.62,81984,4328828,,
2026-07-21T09:06:38+00:00,1.5mb,159,1499694,326,28201,cypher,normal,3,,7,0,0.63,81820,4328828,,
2026-07-21T09:06:39+00:00,1.5mb,159,1499694,326,28201,cypher,normal,3,,8,0,0.62,81984,4328828,,
2026-07-21T09:06:40+00:00,1.5mb,159,1499694,326,28201,cypher,normal,3,,9,0,0.62,82008,4328828,,
2026-07-21T09:06:40+00:00,1.5mb,159,1499694,326,28201,cypher,normal,3,,10,0,0.62,81996,4328828,,
2026-07-21T09:06:43+00:00,1.5mb,159,1499694,326,28201,cypher,large-file,1,,1,0,2.29,38032,4969153,1000,
2026-07-21T09:06:45+00:00,1.5mb,159,1499694,326,28201,cypher,large-file,1,,2,0,2.32,38144,4969153,1000,
2026-07-21T09:06:47+00:00,1.5mb,159,1499694,326,28201,cypher,large-file,1,,3,0,2.30,37992,4969153,1000,
2026-07-21T09:06:50+00:00,1.5mb,159,1499694,326,28201,cypher,large-file,1,,4,0,2.32,37948,4969153,1000,
2026-07-21T09:06:52+00:00,1.5mb,159,1499694,326,28201,cypher,large-file,1,,5,0,2.29,38324,4969153,1000,
2026-07-21T09:06:54+00:00,1.5mb,159,1499694,326,28201,cypher,large-file,1,,6,0,2.29,37828,4969153,1000,
2026-07-21T09:06:57+00:00,1.5mb,159,1499694,326,28201,cypher,large-file,1,,7,0,2.33,37992,4969153,1000,
2026-07-21T09:06:59+00:00,1.5mb,159,1499694,326,28201,cypher,large-file,1,,8,0,2.32,37988,4969153,1000,
2026-07-21T09:07:01+00:00,1.5mb,159,1499694,326,28201,cypher,large-file,1,,9,0,2.29,37876,4969153,1000,
2026-07-21T09:07:04+00:00,1.5mb,159,1499694,326,28201,cypher,large-file,1,,10,0,2.34,37988,4969153,1000,
2026-07-21T09:07:04+00:00,1.5mb,159,1499694,326,28201,cypher,large-file,2,fixed,1,0,0.80,51580,6929312,1000,
2026-07-21T09:07:05+00:00,1.5mb,159,1499694,326,28201,cypher,large-file,2,fixed,2,0,0.79,51628,6929312,1000,
2026-07-21T09:07:06+00:00,1.5mb,159,1499694,326,28201,cypher,large-file,2,fixed,3,0,0.78,51764,6929312,1000,
2026-07-21T09:07:07+00:00,1.5mb,159,1499694,326,28201,cypher,large-file,2,fixed,4,0,0.78,51716,6929312,1000,
2026-07-21T09:07:08+00:00,1.5mb,159,1499694,326,28201,cypher,large-file,2,fixed,5,0,0.80,51752,6929312,1000,
2026-07-21T09:07:08+00:00,1.5mb,159,1499694,326,28201,cypher,large-file,2,fixed,6,0,0.80,51744,6929312,1000,
2026-07-21T09:07:09+00:00,1.5mb,159,1499694,326,28201,cypher,large-file,2,fixed,7,0,0.79,51740,6929312,1000,
2026-07-21T09:07:10+00:00,1.5mb,159,1499694,326,28201,cypher,large-file,2,fixed,8,0,0.79,51772,6929312,1000,
2026-07-21T09:07:11+00:00,1.5mb,159,1499694,326,28201,cypher,large-file,2,fixed,9,0,0.79,51564,6929312,1000,
2026-07-21T09:07:12+00:00,1.5mb,159,1499694,326,28201,cypher,large-file,2,fixed,10,0,0.80,51764,6929312,1000,
2026-07-21T09:07:12+00:00,1.5mb,159,1499694,326,28201,cypher,large-file,2,open,1,0,0.75,67604,2226963,1000,
2026-07-21T09:07:13+00:00,1.5mb,159,1499694,326,28201,cypher,large-file,2,open,2,0,0.73,67572,2226963,1000,
2026-07-21T09:07:14+00:00,1.5mb,159,1499694,326,28201,cypher,large-file,2,open,3,0,0.74,67732,2226963,1000,
2026-07-21T09:07:15+00:00,1.5mb,159,1499694,326,28201,cypher,large-file,2,open,4,0,0.76,67552,2226963,1000,
2026-07-21T09:07:15+00:00,1.5mb,159,1499694,326,28201,cypher,large-file,2,open,5,0,0.74,67596,2226963,1000,
2026-07-21T09:07:16+00:00,1.5mb,159,1499694,326,28201,cypher,large-file,2,open,6,0,0.74,67792,2226963,1000,
2026-07-21T09:07:17+00:00,1.5mb,159,1499694,326,28201,cypher,large-file,2,open,7,0,0.75,67640,2226963,1000,
2026-07-21T09:07:18+00:00,1.5mb,159,1499694,326,28201,cypher,large-file,2,open,8,0,0.75,67716,2226963,1000,
2026-07-21T09:07:18+00:00,1.5mb,159,1499694,326,28201,cypher,large-file,2,open,9,0,0.75,67724,2226963,1000,
2026-07-21T09:07:19+00:00,1.5mb,159,1499694,326,28201,cypher,large-file,2,open,10,0,0.75,67428,2226963,1000,
2026-07-21T09:07:21+00:00,1.5mb,159,1499694,326,28201,cypher,large-file,3,,1,0,1.83,37396,4540207,1000,
2026-07-21T09:07:23+00:00,1.5mb,159,1499694,326,28201,cypher,large-file,3,,2,0,1.77,37488,4540207,1000,
2026-07-21T09:07:24+00:00,1.5mb,159,1499694,326,28201,cypher,large-file,3,,3,0,1.76,37528,4540207,1000,
2026-07-21T09:07:26+00:00,1.5mb,159,1499694,326,28201,cypher,large-file,3,,4,0,1.81,37392,4540207,1000,
2026-07-21T09:07:28+00:00,1.5mb,159,1499694,326,28201,cypher,large-file,3,,5,0,1.77,37524,4540207,1000,
2026-07-21T09:07:30+00:00,1.5mb,159,1499694,326,28201,cypher,large-file,3,,6,0,1.76,37508,4540207,1000,
2026-07-21T09:07:32+00:00,1.5mb,159,1499694,326,28201,cypher,large-file,3,,7,0,1.76,37532,4540207,1000,
2026-07-21T09:07:33+00:00,1.5mb,159,1499694,326,28201,cypher,large-file,3,,8,0,1.76,37664,4540207,1000,
2026-07-21T09:07:35+00:00,1.5mb,159,1499694,326,28201,cypher,large-file,3,,9,0,1.78,37504,4540207,1000,
2026-07-21T09:07:37+00:00,1.5mb,159,1499694,326,28201,cypher,large-file,3,,10,0,1.79,37672,4540207,1000,
2026-07-21T09:07:38+00:00,2mb,211,1999851,430,37613,yarspg,normal,1,,1,0,0.87,103416,6039055,,
2026-07-21T09:07:39+00:00,2mb,211,1999851,430,37613,yarspg,normal,1,,2,0,0.88,103364,6039055,,
2026-07-21T09:07:40+00:00,2mb,211,1999851,430,37613,yarspg,normal,1,,3,0,0.88,103340,6039055,,
2026-07-21T09:07:40+00:00,2mb,211,1999851,430,37613,yarspg,normal,1,,4,0,0.87,103344,6039055,,
2026-07-21T09:07:41+00:00,2mb,211,1999851,430,37613,yarspg,normal,1,,5,0,0.87,103320,6039055,,
2026-07-21T09:07:42+00:00,2mb,211,1999851,430,37613,yarspg,normal,1,,6,0,0.88,103404,6039055,,
2026-07-21T09:07:43+00:00,2mb,211,1999851,430,37613,yarspg,normal,1,,7,0,0.88,103336,6039055,,
2026-07-21T09:07:44+00:00,2mb,211,1999851,430,37613,yarspg,normal,1,,8,0,0.88,103488,6039055,,
2026-07-21T09:07:45+00:00,2mb,211,1999851,430,37613,yarspg,normal,1,,9,0,0.88,103300,6039055,,
2026-07-21T09:07:46+00:00,2mb,211,1999851,430,37613,yarspg,normal,1,,10,0,0.87,103348,6039055,,
2026-07-21T09:07:47+00:00,2mb,211,1999851,430,37613,yarspg,normal,2,fixed,1,0,0.90,109716,8810877,,
2026-07-21T09:07:48+00:00,2mb,211,1999851,430,37613,yarspg,normal,2,fixed,2,0,0.89,109712,8810877,,
2026-07-21T09:07:48+00:00,2mb,211,1999851,430,37613,yarspg,normal,2,fixed,3,0,0.89,109684,8810877,,
2026-07-21T09:07:49+00:00,2mb,211,1999851,430,37613,yarspg,normal,2,fixed,4,0,0.90,109572,8810877,,
2026-07-21T09:07:50+00:00,2mb,211,1999851,430,37613,yarspg,normal,2,fixed,5,0,0.91,109576,8810877,,
2026-07-21T09:07:51+00:00,2mb,211,1999851,430,37613,yarspg,normal,2,fixed,6,0,0.90,109608,8810877,,
2026-07-21T09:07:52+00:00,2mb,211,1999851,430,37613,yarspg,normal,2,fixed,7,0,0.90,109656,8810877,,
2026-07-21T09:07:53+00:00,2mb,211,1999851,430,37613,yarspg,normal,2,fixed,8,0,0.90,109660,8810877,,
2026-07-21T09:07:54+00:00,2mb,211,1999851,430,37613,yarspg,normal,2,fixed,9,0,0.90,109696,8810877,,
2026-07-21T09:07:55+00:00,2mb,211,1999851,430,37613,yarspg,normal,2,fixed,10,0,0.90,109592,8810877,,
2026-07-21T09:07:56+00:00,2mb,211,1999851,430,37613,yarspg,normal,2,open,1,0,0.81,77248,2530209,,
2026-07-21T09:07:56+00:00,2mb,211,1999851,430,37613,yarspg,normal,2,open,2,0,0.81,77080,2530209,,
2026-07-21T09:07:57+00:00,2mb,211,1999851,430,37613,yarspg,normal,2,open,3,0,0.80,77076,2530209,,
2026-07-21T09:07:58+00:00,2mb,211,1999851,430,37613,yarspg,normal,2,open,4,0,0.80,77248,2530209,,
2026-07-21T09:07:59+00:00,2mb,211,1999851,430,37613,yarspg,normal,2,open,5,0,0.81,77124,2530209,,
2026-07-21T09:08:00+00:00,2mb,211,1999851,430,37613,yarspg,normal,2,open,6,0,0.80,76888,2530209,,
2026-07-21T09:08:00+00:00,2mb,211,1999851,430,37613,yarspg,normal,2,open,7,0,0.80,77096,2530209,,
2026-07-21T09:08:01+00:00,2mb,211,1999851,430,37613,yarspg,normal,2,open,8,0,0.80,77216,2530209,,
2026-07-21T09:08:02+00:00,2mb,211,1999851,430,37613,yarspg,normal,2,open,9,0,0.80,77064,2530209,,
2026-07-21T09:08:03+00:00,2mb,211,1999851,430,37613,yarspg,normal,2,open,10,0,0.80,77180,2530209,,
2026-07-21T09:08:04+00:00,2mb,211,1999851,430,37613,yarspg,normal,3,,1,0,0.82,94384,5303454,,
2026-07-21T09:08:05+00:00,2mb,211,1999851,430,37613,yarspg,normal,3,,2,0,0.82,94348,5303454,,
2026-07-21T09:08:05+00:00,2mb,211,1999851,430,37613,yarspg,normal,3,,3,0,0.82,94352,5303454,,
2026-07-21T09:08:06+00:00,2mb,211,1999851,430,37613,yarspg,normal,3,,4,0,0.82,94352,5303454,,
2026-07-21T09:08:07+00:00,2mb,211,1999851,430,37613,yarspg,normal,3,,5,0,0.83,94504,5303454,,
2026-07-21T09:08:08+00:00,2mb,211,1999851,430,37613,yarspg,normal,3,,6,0,0.82,94392,5303454,,
2026-07-21T09:08:09+00:00,2mb,211,1999851,430,37613,yarspg,normal,3,,7,0,0.83,94368,5303454,,
2026-07-21T09:08:10+00:00,2mb,211,1999851,430,37613,yarspg,normal,3,,8,0,0.83,94464,5303454,,
2026-07-21T09:08:10+00:00,2mb,211,1999851,430,37613,yarspg,normal,3,,9,0,0.83,94396,5303454,,
2026-07-21T09:08:11+00:00,2mb,211,1999851,430,37613,yarspg,normal,3,,10,0,0.82,94412,5303454,,
2026-07-21T09:08:12+00:00,2mb,211,1999851,430,37613,cypher,normal,1,,1,0,0.89,109060,6408695,,
2026-07-21T09:08:13+00:00,2mb,211,1999851,430,37613,cypher,normal,1,,2,0,0.89,109044,6408695,,
2026-07-21T09:08:14+00:00,2mb,211,1999851,430,37613,cypher,normal,1,,3,0,0.88,109108,6408695,,
2026-07-21T09:08:15+00:00,2mb,211,1999851,430,37613,cypher,normal,1,,4,0,0.88,109076,6408695,,
2026-07-21T09:08:16+00:00,2mb,211,1999851,430,37613,cypher,normal,1,,5,0,0.89,108908,6408695,,
2026-07-21T09:08:17+00:00,2mb,211,1999851,430,37613,cypher,normal,1,,6,0,0.90,108864,6408695,,
2026-07-21T09:08:17+00:00,2mb,211,1999851,430,37613,cypher,normal,1,,7,0,0.88,109048,6408695,,
2026-07-21T09:08:18+00:00,2mb,211,1999851,430,37613,cypher,normal,1,,8,0,0.88,108888,6408695,,
2026-07-21T09:08:19+00:00,2mb,211,1999851,430,37613,cypher,normal,1,,9,0,0.88,109116,6408695,,
2026-07-21T09:08:20+00:00,2mb,211,1999851,430,37613,cypher,normal,1,,10,0,0.88,109068,6408695,,
2026-07-21T09:08:21+00:00,2mb,211,1999851,430,37613,cypher,normal,2,fixed,1,0,0.92,115580,9178407,,
2026-07-21T09:08:22+00:00,2mb,211,1999851,430,37613,cypher,normal,2,fixed,2,0,0.91,115592,9178407,,
2026-07-21T09:08:23+00:00,2mb,211,1999851,430,37613,cypher,normal,2,fixed,3,0,0.90,115396,9178407,,
2026-07-21T09:08:24+00:00,2mb,211,1999851,430,37613,cypher,normal,2,fixed,4,0,0.92,115612,9178407,,
2026-07-21T09:08:25+00:00,2mb,211,1999851,430,37613,cypher,normal,2,fixed,5,0,0.92,115396,9178407,,
2026-07-21T09:08:26+00:00,2mb,211,1999851,430,37613,cypher,normal,2,fixed,6,0,0.92,115568,9178407,,
2026-07-21T09:08:27+00:00,2mb,211,1999851,430,37613,cypher,normal,2,fixed,7,0,0.92,115392,9178407,,
2026-07-21T09:08:27+00:00,2mb,211,1999851,430,37613,cypher,normal,2,fixed,8,0,0.92,115604,9178407,,
2026-07-21T09:08:28+00:00,2mb,211,1999851,430,37613,cypher,normal,2,fixed,9,0,0.92,115636,9178407,,
2026-07-21T09:08:29+00:00,2mb,211,1999851,430,37613,cypher,normal,2,fixed,10,0,0.92,115524,9178407,,
2026-07-21T09:08:30+00:00,2mb,211,1999851,430,37613,cypher,normal,2,open,1,0,0.81,82160,2674593,,
2026-07-21T09:08:31+00:00,2mb,211,1999851,430,37613,cypher,normal,2,open,2,0,0.81,82040,2674593,,
2026-07-21T09:08:32+00:00,2mb,211,1999851,430,37613,cypher,normal,2,open,3,0,0.81,81988,2674593,,
2026-07-21T09:08:33+00:00,2mb,211,1999851,430,37613,cypher,normal,2,open,4,0,0.82,82188,2674593,,
2026-07-21T09:08:33+00:00,2mb,211,1999851,430,37613,cypher,normal,2,open,5,0,0.81,82244,2674593,,
2026-07-21T09:08:34+00:00,2mb,211,1999851,430,37613,cypher,normal,2,open,6,0,0.81,82180,2674593,,
2026-07-21T09:08:35+00:00,2mb,211,1999851,430,37613,cypher,normal,2,open,7,0,0.82,82216,2674593,,
2026-07-21T09:08:36+00:00,2mb,211,1999851,430,37613,cypher,normal,2,open,8,0,0.81,82064,2674593,,
2026-07-21T09:08:37+00:00,2mb,211,1999851,430,37613,cypher,normal,2,open,9,0,0.82,82104,2674593,,
2026-07-21T09:08:38+00:00,2mb,211,1999851,430,37613,cypher,normal,2,open,10,0,0.81,82156,2674593,,
2026-07-21T09:08:38+00:00,2mb,211,1999851,430,37613,cypher,normal,3,,1,0,0.83,100360,5713239,,
2026-07-21T09:08:39+00:00,2mb,211,1999851,430,37613,cypher,normal,3,,2,0,0.84,100388,5713239,,
2026-07-21T09:08:40+00:00,2mb,211,1999851,430,37613,cypher,normal,3,,3,0,0.84,100132,5713239,,
2026-07-21T09:08:41+00:00,2mb,211,1999851,430,37613,cypher,normal,3,,4,0,0.84,100100,5713239,,
2026-07-21T09:08:42+00:00,2mb,211,1999851,430,37613,cypher,normal,3,,5,0,0.83,100056,5713239,,
2026-07-21T09:08:43+00:00,2mb,211,1999851,430,37613,cypher,normal,3,,6,0,0.84,100080,5713239,,
2026-07-21T09:08:43+00:00,2mb,211,1999851,430,37613,cypher,normal,3,,7,0,0.85,100392,5713239,,
2026-07-21T09:08:44+00:00,2mb,211,1999851,430,37613,cypher,normal,3,,8,0,0.93,100416,5713239,,
2026-07-21T09:08:45+00:00,2mb,211,1999851,430,37613,cypher,normal,3,,9,0,0.84,100308,5713239,,
2026-07-21T09:08:46+00:00,2mb,211,1999851,430,37613,cypher,normal,3,,10,0,0.84,100092,5713239,,
2026-07-21T09:08:49+00:00,2mb,211,1999851,430,37613,cypher,large-file,1,,1,0,3.33,41652,6631186,1000,
2026-07-21T09:08:53+00:00,2mb,211,1999851,430,37613,cypher,large-file,1,,2,0,3.30,41836,6631186,1000,
2026-07-21T09:08:56+00:00,2mb,211,1999851,430,37613,cypher,large-file,1,,3,0,3.28,41688,6631186,1000,
2026-07-21T09:08:59+00:00,2mb,211,1999851,430,37613,cypher,large-file,1,,4,0,3.34,41664,6631186,1000,
2026-07-21T09:09:03+00:00,2mb,211,1999851,430,37613,cypher,large-file,1,,5,0,3.34,40700,6631186,1000,
2026-07-21T09:09:06+00:00,2mb,211,1999851,430,37613,cypher,large-file,1,,6,0,3.32,40704,6631186,1000,
2026-07-21T09:09:09+00:00,2mb,211,1999851,430,37613,cypher,large-file,1,,7,0,3.29,40708,6631186,1000,
2026-07-21T09:09:13+00:00,2mb,211,1999851,430,37613,cypher,large-file,1,,8,0,3.31,40900,6631186,1000,
2026-07-21T09:09:16+00:00,2mb,211,1999851,430,37613,cypher,large-file,1,,9,0,3.27,41672,6631186,1000,
2026-07-21T09:09:19+00:00,2mb,211,1999851,430,37613,cypher,large-file,1,,10,0,3.33,40848,6631186,1000,
2026-07-21T09:09:20+00:00,2mb,211,1999851,430,37613,cypher,large-file,2,fixed,1,0,1.05,57712,9243095,1000,
2026-07-21T09:09:21+00:00,2mb,211,1999851,430,37613,cypher,large-file,2,fixed,2,0,1.05,57820,9243095,1000,
2026-07-21T09:09:22+00:00,2mb,211,1999851,430,37613,cypher,large-file,2,fixed,3,0,1.05,57828,9243095,1000,
2026-07-21T09:09:24+00:00,2mb,211,1999851,430,37613,cypher,large-file,2,fixed,4,0,1.06,57816,9243095,1000,
2026-07-21T09:09:25+00:00,2mb,211,1999851,430,37613,cypher,large-file,2,fixed,5,0,1.04,57880,9243095,1000,
2026-07-21T09:09:26+00:00,2mb,211,1999851,430,37613,cypher,large-file,2,fixed,6,0,1.05,57888,9243095,1000,
2026-07-21T09:09:27+00:00,2mb,211,1999851,430,37613,cypher,large-file,2,fixed,7,0,1.06,58004,9243095,1000,
2026-07-21T09:09:28+00:00,2mb,211,1999851,430,37613,cypher,large-file,2,fixed,8,0,1.06,58016,9243095,1000,
2026-07-21T09:09:29+00:00,2mb,211,1999851,430,37613,cypher,large-file,2,fixed,9,0,1.04,57988,9243095,1000,
2026-07-21T09:09:30+00:00,2mb,211,1999851,430,37613,cypher,large-file,2,fixed,10,0,1.04,57812,9243095,1000,
2026-07-21T09:09:31+00:00,2mb,211,1999851,430,37613,cypher,large-file,2,open,1,0,0.97,80840,2895369,1000,
2026-07-21T09:09:32+00:00,2mb,211,1999851,430,37613,cypher,large-file,2,open,2,0,0.98,80704,2895369,1000,
2026-07-21T09:09:33+00:00,2mb,211,1999851,430,37613,cypher,large-file,2,open,3,0,0.98,80896,2895369,1000,
2026-07-21T09:09:34+00:00,2mb,211,1999851,430,37613,cypher,large-file,2,open,4,0,0.96,80880,2895369,1000,
2026-07-21T09:09:35+00:00,2mb,211,1999851,430,37613,cypher,large-file,2,open,5,0,0.98,80856,2895369,1000,
2026-07-21T09:09:36+00:00,2mb,211,1999851,430,37613,cypher,large-file,2,open,6,0,0.99,80712,2895369,1000,
2026-07-21T09:09:37+00:00,2mb,211,1999851,430,37613,cypher,large-file,2,open,7,0,0.99,80852,2895369,1000,
2026-07-21T09:09:38+00:00,2mb,211,1999851,430,37613,cypher,large-file,2,open,8,0,1.00,80952,2895369,1000,
2026-07-21T09:09:39+00:00,2mb,211,1999851,430,37613,cypher,large-file,2,open,9,0,0.99,80704,2895369,1000,
2026-07-21T09:09:40+00:00,2mb,211,1999851,430,37613,cypher,large-file,2,open,10,0,1.13,80796,2895369,1000,
2026-07-21T09:09:42+00:00,2mb,211,1999851,430,37613,cypher,large-file,3,,1,0,2.52,40692,6058902,1000,
2026-07-21T09:09:45+00:00,2mb,211,1999851,430,37613,cypher,large-file,3,,2,0,2.55,40672,6058902,1000,
2026-07-21T09:09:48+00:00,2mb,211,1999851,430,37613,cypher,large-file,3,,3,0,2.59,40708,6058902,1000,
2026-07-21T09:09:50+00:00,2mb,211,1999851,430,37613,cypher,large-file,3,,4,0,2.62,40552,6058902,1000,
2026-07-21T09:09:53+00:00,2mb,211,1999851,430,37613,cypher,large-file,3,,5,0,2.58,40556,6058902,1000,
2026-07-21T09:09:55+00:00,2mb,211,1999851,430,37613,cypher,large-file,3,,6,0,2.63,40600,6058902,1000,
2026-07-21T09:09:58+00:00,2mb,211,1999851,430,37613,cypher,large-file,3,,7,0,2.55,40552,6058902,1000,
2026-07-21T09:10:01+00:00,2mb,211,1999851,430,37613,cypher,large-file,3,,8,0,2.55,40868,6058902,1000,
2026-07-21T09:10:03+00:00,2mb,211,1999851,430,37613,cypher,large-file,3,,9,0,2.51,40772,6058902,1000,
2026-07-21T09:10:06+00:00,2mb,211,1999851,430,37613,cypher,large-file,3,,10,0,2.58,40548,6058902,1000,
2026-07-21T09:10:07+00:00,2.5mb,286,2499756,580,46925,yarspg,normal,1,,1,0,1.11,130916,7550277,,
2026-07-21T09:10:08+00:00,2.5mb,286,2499756,580,46925,yarspg,normal,1,,2,0,1.10,130932,7550277,,
2026-07-21T09:10:09+00:00,2.5mb,286,2499756,580,46925,yarspg,normal,1,,3,0,1.10,131044,7550277,,
2026-07-21T09:10:10+00:00,2.5mb,286,2499756,580,46925,yarspg,normal,1,,4,0,1.10,130988,7550277,,
2026-07-21T09:10:11+00:00,2.5mb,286,2499756,580,46925,yarspg,normal,1,,5,0,1.11,130924,7550277,,
2026-07-21T09:10:12+00:00,2.5mb,286,2499756,580,46925,yarspg,normal,1,,6,0,1.10,130868,7550277,,
2026-07-21T09:10:13+00:00,2.5mb,286,2499756,580,46925,yarspg,normal,1,,7,0,1.10,130908,7550277,,
2026-07-21T09:10:15+00:00,2.5mb,286,2499756,580,46925,yarspg,normal,1,,8,0,1.11,130912,7550277,,
2026-07-21T09:10:16+00:00,2.5mb,286,2499756,580,46925,yarspg,normal,1,,9,0,1.10,130904,7550277,,
2026-07-21T09:10:17+00:00,2.5mb,286,2499756,580,46925,yarspg,normal,1,,10,0,1.10,131092,7550277,,
2026-07-21T09:10:18+00:00,2.5mb,286,2499756,580,46925,yarspg,normal,2,fixed,1,0,1.14,139068,10996482,,
2026-07-21T09:10:19+00:00,2.5mb,286,2499756,580,46925,yarspg,normal,2,fixed,2,0,1.15,138888,10996482,,
2026-07-21T09:10:20+00:00,2.5mb,286,2499756,580,46925,yarspg,normal,2,fixed,3,0,1.13,139036,10996482,,
2026-07-21T09:10:21+00:00,2.5mb,286,2499756,580,46925,yarspg,normal,2,fixed,4,0,1.17,138760,10996482,,
2026-07-21T09:10:23+00:00,2.5mb,286,2499756,580,46925,yarspg,normal,2,fixed,5,0,1.15,138924,10996482,,
2026-07-21T09:10:24+00:00,2.5mb,286,2499756,580,46925,yarspg,normal,2,fixed,6,0,1.14,139092,10996482,,
2026-07-21T09:10:25+00:00,2.5mb,286,2499756,580,46925,yarspg,normal,2,fixed,7,0,1.15,139068,10996482,,
2026-07-21T09:10:26+00:00,2.5mb,286,2499756,580,46925,yarspg,normal,2,fixed,8,0,1.13,139052,10996482,,
2026-07-21T09:10:27+00:00,2.5mb,286,2499756,580,46925,yarspg,normal,2,fixed,9,0,1.14,138996,10996482,,
2026-07-21T09:10:28+00:00,2.5mb,286,2499756,580,46925,yarspg,normal,2,fixed,10,0,1.13,139004,10996482,,
2026-07-21T09:10:29+00:00,2.5mb,286,2499756,580,46925,yarspg,normal,2,open,1,0,1.01,97800,3167251,,
2026-07-21T09:10:30+00:00,2.5mb,286,2499756,580,46925,yarspg,normal,2,open,2,0,1.01,97960,3167251,,
2026-07-21T09:10:31+00:00,2.5mb,286,2499756,580,46925,yarspg,normal,2,open,3,0,1.02,97888,3167251,,
2026-07-21T09:10:32+00:00,2.5mb,286,2499756,580,46925,yarspg,normal,2,open,4,0,1.00,97868,3167251,,
2026-07-21T09:10:33+00:00,2.5mb,286,2499756,580,46925,yarspg,normal,2,open,5,0,1.00,97832,3167251,,
2026-07-21T09:10:34+00:00,2.5mb,286,2499756,580,46925,yarspg,normal,2,open,6,0,1.02,97916,3167251,,
2026-07-21T09:10:35+00:00,2.5mb,286,2499756,580,46925,yarspg,normal,2,open,7,0,1.02,97884,3167251,,
2026-07-21T09:10:36+00:00,2.5mb,286,2499756,580,46925,yarspg,normal,2,open,8,0,1.01,97876,3167251,,
2026-07-21T09:10:37+00:00,2.5mb,286,2499756,580,46925,yarspg,normal,2,open,9,0,1.01,97772,3167251,,
2026-07-21T09:10:38+00:00,2.5mb,286,2499756,580,46925,yarspg,normal,2,open,10,0,1.01,97708,3167251,,
2026-07-21T09:10:39+00:00,2.5mb,286,2499756,580,46925,yarspg,normal,3,,1,0,1.05,118188,6634511,,
2026-07-21T09:10:41+00:00,2.5mb,286,2499756,580,46925,yarspg,normal,3,,2,0,1.04,118220,6634511,,
2026-07-21T09:10:42+00:00,2.5mb,286,2499756,580,46925,yarspg,normal,3,,3,0,1.05,118116,6634511,,
2026-07-21T09:10:43+00:00,2.5mb,286,2499756,580,46925,yarspg,normal,3,,4,0,1.04,118076,6634511,,
2026-07-21T09:10:44+00:00,2.5mb,286,2499756,580,46925,yarspg,normal,3,,5,0,1.06,118100,6634511,,
2026-07-21T09:10:45+00:00,2.5mb,286,2499756,580,46925,yarspg,normal,3,,6,0,1.04,118088,6634511,,
2026-07-21T09:10:46+00:00,2.5mb,286,2499756,580,46925,yarspg,normal,3,,7,0,1.03,118108,6634511,,
2026-07-21T09:10:47+00:00,2.5mb,286,2499756,580,46925,yarspg,normal,3,,8,0,1.04,118308,6634511,,
2026-07-21T09:10:48+00:00,2.5mb,286,2499756,580,46925,yarspg,normal,3,,9,0,1.04,118048,6634511,,
2026-07-21T09:10:49+00:00,2.5mb,286,2499756,580,46925,yarspg,normal,3,,10,0,1.04,118144,6634511,,
2026-07-21T09:10:50+00:00,2.5mb,286,2499756,580,46925,cypher,normal,1,,1,0,1.11,137124,8011953,,
2026-07-21T09:10:51+00:00,2.5mb,286,2499756,580,46925,cypher,normal,1,,2,0,1.13,137292,8011953,,
2026-07-21T09:10:52+00:00,2.5mb,286,2499756,580,46925,cypher,normal,1,,3,0,1.11,137348,8011953,,
2026-07-21T09:10:53+00:00,2.5mb,286,2499756,580,46925,cypher,normal,1,,4,0,1.11,137108,8011953,,
2026-07-21T09:10:54+00:00,2.5mb,286,2499756,580,46925,cypher,normal,1,,5,0,1.11,137168,8011953,,
2026-07-21T09:10:56+00:00,2.5mb,286,2499756,580,46925,cypher,normal,1,,6,0,1.12,137132,8011953,,
2026-07-21T09:10:57+00:00,2.5mb,286,2499756,580,46925,cypher,normal,1,,7,0,1.11,137384,8011953,,
2026-07-21T09:10:58+00:00,2.5mb,286,2499756,580,46925,cypher,normal,1,,8,0,1.11,137184,8011953,,
2026-07-21T09:10:59+00:00,2.5mb,286,2499756,580,46925,cypher,normal,1,,9,0,1.11,137264,8011953,,
2026-07-21T09:11:00+00:00,2.5mb,286,2499756,580,46925,cypher,normal,1,,10,0,1.11,137256,8011953,,
2026-07-21T09:11:01+00:00,2.5mb,286,2499756,580,46925,cypher,normal,2,fixed,1,0,1.15,144640,11455298,,
2026-07-21T09:11:02+00:00,2.5mb,286,2499756,580,46925,cypher,normal,2,fixed,2,0,1.15,144508,11455298,,
2026-07-21T09:11:04+00:00,2.5mb,286,2499756,580,46925,cypher,normal,2,fixed,3,0,1.15,144652,11455298,,
2026-07-21T09:11:05+00:00,2.5mb,286,2499756,580,46925,cypher,normal,2,fixed,4,0,1.14,144620,11455298,,
2026-07-21T09:11:06+00:00,2.5mb,286,2499756,580,46925,cypher,normal,2,fixed,5,0,1.15,144556,11455298,,
2026-07-21T09:11:07+00:00,2.5mb,286,2499756,580,46925,cypher,normal,2,fixed,6,0,1.16,144608,11455298,,
2026-07-21T09:11:08+00:00,2.5mb,286,2499756,580,46925,cypher,normal,2,fixed,7,0,1.15,144324,11455298,,
2026-07-21T09:11:09+00:00,2.5mb,286,2499756,580,46925,cypher,normal,2,fixed,8,0,1.16,144568,11455298,,
2026-07-21T09:11:10+00:00,2.5mb,286,2499756,580,46925,cypher,normal,2,fixed,9,0,1.15,144476,11455298,,
2026-07-21T09:11:12+00:00,2.5mb,286,2499756,580,46925,cypher,normal,2,fixed,10,0,1.16,144328,11455298,,
2026-07-21T09:11:13+00:00,2.5mb,286,2499756,580,46925,cypher,normal,2,open,1,0,1.02,103184,3347949,,
2026-07-21T09:11:14+00:00,2.5mb,286,2499756,580,46925,cypher,normal,2,open,2,0,1.02,103084,3347949,,
2026-07-21T09:11:15+00:00,2.5mb,286,2499756,580,46925,cypher,normal,2,open,3,0,1.02,103112,3347949,,
2026-07-21T09:11:16+00:00,2.5mb,286,2499756,580,46925,cypher,normal,2,open,4,0,1.02,102972,3347949,,
2026-07-21T09:11:17+00:00,2.5mb,286,2499756,580,46925,cypher,normal,2,open,5,0,1.02,103148,3347949,,
2026-07-21T09:11:18+00:00,2.5mb,286,2499756,580,46925,cypher,normal,2,open,6,0,1.02,103028,3347949,,
2026-07-21T09:11:19+00:00,2.5mb,286,2499756,580,46925,cypher,normal,2,open,7,0,1.02,103036,3347949,,
2026-07-21T09:11:20+00:00,2.5mb,286,2499756,580,46925,cypher,normal,2,open,8,0,1.03,103076,3347949,,
2026-07-21T09:11:21+00:00,2.5mb,286,2499756,580,46925,cypher,normal,2,open,9,0,1.02,103024,3347949,,
2026-07-21T09:11:22+00:00,2.5mb,286,2499756,580,46925,cypher,normal,2,open,10,0,1.02,103144,3347949,,
2026-07-21T09:11:23+00:00,2.5mb,286,2499756,580,46925,cypher,normal,3,,1,0,1.06,126356,7146544,,
2026-07-21T09:11:24+00:00,2.5mb,286,2499756,580,46925,cypher,normal,3,,2,0,1.07,126180,7146544,,
2026-07-21T09:11:25+00:00,2.5mb,286,2499756,580,46925,cypher,normal,3,,3,0,1.05,126172,7146544,,
2026-07-21T09:11:26+00:00,2.5mb,286,2499756,580,46925,cypher,normal,3,,4,0,1.06,126400,7146544,,
2026-07-21T09:11:27+00:00,2.5mb,286,2499756,580,46925,cypher,normal,3,,5,0,1.05,126384,7146544,,
2026-07-21T09:11:28+00:00,2.5mb,286,2499756,580,46925,cypher,normal,3,,6,0,1.06,126368,7146544,,
2026-07-21T09:11:29+00:00,2.5mb,286,2499756,580,46925,cypher,normal,3,,7,0,1.06,126348,7146544,,
2026-07-21T09:11:30+00:00,2.5mb,286,2499756,580,46925,cypher,normal,3,,8,0,1.07,126376,7146544,,
2026-07-21T09:11:32+00:00,2.5mb,286,2499756,580,46925,cypher,normal,3,,9,0,1.06,126256,7146544,,
2026-07-21T09:11:33+00:00,2.5mb,286,2499756,580,46925,cypher,normal,3,,10,0,1.06,126388,7146544,,
2026-07-21T09:11:37+00:00,2.5mb,286,2499756,580,46925,cypher,large-file,1,,1,0,4.50,51144,8284576,1000,
2026-07-21T09:11:42+00:00,2.5mb,286,2499756,580,46925,cypher,large-file,1,,2,0,4.45,51204,8284576,1000,
2026-07-21T09:11:46+00:00,2.5mb,286,2499756,580,46925,cypher,large-file,1,,3,0,4.47,51440,8284576,1000,
2026-07-21T09:11:50+00:00,2.5mb,286,2499756,580,46925,cypher,large-file,1,,4,0,4.41,51288,8284576,1000,
2026-07-21T09:11:55+00:00,2.5mb,286,2499756,580,46925,cypher,large-file,1,,5,0,4.41,51140,8284576,1000,
2026-07-21T09:11:59+00:00,2.5mb,286,2499756,580,46925,cypher,large-file,1,,6,0,4.43,51168,8284576,1000,
2026-07-21T09:12:04+00:00,2.5mb,286,2499756,580,46925,cypher,large-file,1,,7,0,4.58,51272,8284576,1000,
2026-07-21T09:12:08+00:00,2.5mb,286,2499756,580,46925,cypher,large-file,1,,8,0,4.43,51120,8284576,1000,
2026-07-21T09:12:13+00:00,2.5mb,286,2499756,580,46925,cypher,large-file,1,,9,0,4.39,51288,8284576,1000,
2026-07-21T09:12:17+00:00,2.5mb,286,2499756,580,46925,cypher,large-file,1,,10,0,4.46,51108,8284576,1000,
2026-07-21T09:12:19+00:00,2.5mb,286,2499756,580,46925,cypher,large-file,2,fixed,1,0,1.31,70788,11530824,1000,
2026-07-21T09:12:20+00:00,2.5mb,286,2499756,580,46925,cypher,large-file,2,fixed,2,0,1.33,70612,11530824,1000,
2026-07-21T09:12:21+00:00,2.5mb,286,2499756,580,46925,cypher,large-file,2,fixed,3,0,1.32,70436,11530824,1000,
2026-07-21T09:12:23+00:00,2.5mb,286,2499756,580,46925,cypher,large-file,2,fixed,4,0,1.33,69300,11530824,1000,
2026-07-21T09:12:24+00:00,2.5mb,286,2499756,580,46925,cypher,large-file,2,fixed,5,0,1.32,70584,11530824,1000,
2026-07-21T09:12:25+00:00,2.5mb,286,2499756,580,46925,cypher,large-file,2,fixed,6,0,1.31,69248,11530824,1000,
2026-07-21T09:12:26+00:00,2.5mb,286,2499756,580,46925,cypher,large-file,2,fixed,7,0,1.31,69132,11530824,1000,
2026-07-21T09:12:28+00:00,2.5mb,286,2499756,580,46925,cypher,large-file,2,fixed,8,0,1.32,70732,11530824,1000,
2026-07-21T09:12:29+00:00,2.5mb,286,2499756,580,46925,cypher,large-file,2,fixed,9,0,1.31,70676,11530824,1000,
2026-07-21T09:12:30+00:00,2.5mb,286,2499756,580,46925,cypher,large-file,2,fixed,10,0,1.32,70872,11530824,1000,
2026-07-21T09:12:32+00:00,2.5mb,286,2499756,580,46925,cypher,large-file,2,open,1,0,1.23,101772,3623568,1000,
2026-07-21T09:12:33+00:00,2.5mb,286,2499756,580,46925,cypher,large-file,2,open,2,0,1.24,101468,3623568,1000,
2026-07-21T09:12:34+00:00,2.5mb,286,2499756,580,46925,cypher,large-file,2,open,3,0,1.23,101760,3623568,1000,
2026-07-21T09:12:35+00:00,2.5mb,286,2499756,580,46925,cypher,large-file,2,open,4,0,1.23,101764,3623568,1000,
2026-07-21T09:12:37+00:00,2.5mb,286,2499756,580,46925,cypher,large-file,2,open,5,0,1.24,101748,3623568,1000,
2026-07-21T09:12:38+00:00,2.5mb,286,2499756,580,46925,cypher,large-file,2,open,6,0,1.24,101764,3623568,1000,
2026-07-21T09:12:39+00:00,2.5mb,286,2499756,580,46925,cypher,large-file,2,open,7,0,1.27,101632,3623568,1000,
2026-07-21T09:12:40+00:00,2.5mb,286,2499756,580,46925,cypher,large-file,2,open,8,0,1.25,101776,3623568,1000,
2026-07-21T09:12:42+00:00,2.5mb,286,2499756,580,46925,cypher,large-file,2,open,9,0,1.24,101612,3623568,1000,
2026-07-21T09:12:43+00:00,2.5mb,286,2499756,580,46925,cypher,large-file,2,open,10,0,1.24,101608,3623568,1000,
2026-07-21T09:12:46+00:00,2.5mb,286,2499756,580,46925,cypher,large-file,3,,1,0,3.54,50324,7569072,1000,
2026-07-21T09:12:50+00:00,2.5mb,286,2499756,580,46925,cypher,large-file,3,,2,0,3.46,50220,7569072,1000,
2026-07-21T09:12:53+00:00,2.5mb,286,2499756,580,46925,cypher,large-file,3,,3,0,3.50,50144,7569072,1000,
2026-07-21T09:12:57+00:00,2.5mb,286,2499756,580,46925,cypher,large-file,3,,4,0,3.49,50296,7569072,1000,
2026-07-21T09:13:01+00:00,2.5mb,286,2499756,580,46925,cypher,large-file,3,,5,0,3.53,50332,7569072,1000,
2026-07-21T09:13:04+00:00,2.5mb,286,2499756,580,46925,cypher,large-file,3,,6,0,3.51,50140,7569072,1000,
2026-07-21T09:13:08+00:00,2.5mb,286,2499756,580,46925,cypher,large-file,3,,7,0,3.55,50304,7569072,1000,
2026-07-21T09:13:11+00:00,2.5mb,286,2499756,580,46925,cypher,large-file,3,,8,0,3.52,50328,7569072,1000,
2026-07-21T09:13:15+00:00,2.5mb,286,2499756,580,46925,cypher,large-file,3,,9,0,3.56,50272,7569072,1000,
2026-07-21T09:13:18+00:00,2.5mb,286,2499756,580,46925,cypher,large-file,3,,10,0,3.57,50228,7569072,1000,
